Name,Organisation,Biography,Website,Email,Twitter,Telephone
Fred,ABC,I am fred,fred.com,fred@a.com,twitter.com,123456789
Sally,ZYX,I'm sally,www.sally.com,sally@c.com,twitter2,258741369
a,ABC,I am fred,fred.com,fred@a.com,twitter.com,123456789
b,ZYX,I'm sally,www.sally.com,sally@c.com,twitter2,258741369
c,ABC,I am fred,fred.com,fred@a.com,twitter.com,123456789
d,ZYX,I'm sally,www.sally.com,sally@c.com,twitter2,258741369
ff,ABC,I am fred,fred.com,fred@a.com,twitter.com,123456789
g,ZYX,I'm sally,www.sally.com,sally@c.com,twitter2,258741369
h,ABC,I am fred,fred.com,fred@a.com,twitter.com,123456789
I,ZYX,I'm sally,www.sally.com,sally@c.com,twitter2,258741369
j,ABC,I am fred,fred.com,fred@a.com,twitter.com,123456789
k,ZYX,I'm sally,www.sally.com,sally@c.com,twitter2,258741369
l,ABC,I am fred,fred.com,fred@a.com,twitter.com,123456789
m,ZYX,I'm sally,www.sally.com,sally@c.com,twitter2,258741369
n,ABC,I am fred,fred.com,fred@a.com,twitter.com,123456789
